Timestamp,Name,Grade,Email,Pref 1,Pref 2,Pref 3,Pref 4,Pref 5,Pref 6
2026-08-01T08:00:00Z,Maya Anderson,9,student001@student.example.test,Robotics Lab,Intro to Architecture,Emergency Medicine,Personal Finance,Sports Analytics,Entrepreneurship
2026-08-01T08:01:00Z,Liam Anderson,10,student002@student.example.test,Film Scoring,Marine Biology,Digital Photography,Graphic Design,Sustainable Engineering,Local Journalism
2026-08-01T08:02:00Z,Sophia Anderson,11,student003@student.example.test,Mock Trial,Psychology in Action,Forensic Science,Sports Medicine,Climate Science,Creative Coding
2026-08-01T08:03:00Z,Mateo Anderson,12,student004@student.example.test,Entrepreneurship,Robotics Lab,Intro to Architecture,Emergency Medicine,Personal Finance,Sports Analytics
2026-08-01T08:04:00Z,Olivia Anderson,9,student005@student.example.test,Local Journalism,Film Scoring,Marine Biology,Digital Photography,Graphic Design,Sustainable Engineering
2026-08-01T08:05:00Z,Ethan Anderson,10,student006@student.example.test,Creative Coding,Mock Trial,Psychology in Action,Forensic Science,Sports Medicine,Climate Science
2026-08-01T08:06:00Z,Isabella Anderson,11,student007@student.example.test,Sports Analytics,Entrepreneurship,Robotics Lab,Intro to Architecture,Emergency Medicine,Personal Finance
2026-08-01T08:07:00Z,Noah Anderson,12,student008@student.example.test,Sustainable Engineering,Local Journalism,Film Scoring,Marine Biology,Digital Photography,Graphic Design
2026-08-01T08:08:00Z,Ava Anderson,9,student009@student.example.test,Climate Science,Creative Coding,Mock Trial,Psychology in Action,Forensic Science,Sports Medicine
2026-08-01T08:09:00Z,Lucas Anderson,10,student010@student.example.test,Personal Finance,Sports Analytics,Entrepreneurship,Robotics Lab,Intro to Architecture,Emergency Medicine
2026-08-01T08:10:00Z,Amelia Anderson,11,student011@student.example.test,Graphic Design,Sustainable Engineering,Local Journalism,Film Scoring,Marine Biology,Digital Photography
2026-08-01T08:11:00Z,James Anderson,12,student012@student.example.test,Sports Medicine,Climate Science,Creative Coding,Mock Trial,Psychology in Action,Forensic Science
2026-08-01T08:12:00Z,Harper Anderson,9,student013@student.example.test,Emergency Medicine,Personal Finance,Sports Analytics,Entrepreneurship,Robotics Lab,Intro to Architecture
2026-08-01T08:13:00Z,Elijah Anderson,10,student014@student.example.test,Digital Photography,Graphic Design,Sustainable Engineering,Local Journalism,Film Scoring,Marine Biology
2026-08-01T08:14:00Z,Mia Anderson,11,student015@student.example.test,Forensic Science,Sports Medicine,Climate Science,Creative Coding,Mock Trial,Psychology in Action
2026-08-01T08:15:00Z,Henry Anderson,12,student016@student.example.test,Intro to Architecture,Emergency Medicine,Personal Finance,Sports Analytics,Entrepreneurship,Robotics Lab
2026-08-01T08:16:00Z,Maya Baker,9,student017@student.example.test,Marine Biology,Digital Photography,Graphic Design,Sustainable Engineering,Local Journalism,Film Scoring
2026-08-01T08:17:00Z,Liam Baker,10,student018@student.example.test,Psychology in Action,Forensic Science,Sports Medicine,Climate Science,Creative Coding,Mock Trial
2026-08-01T08:18:00Z,Sophia Baker,11,student019@student.example.test,Robotics Lab,Intro to Architecture,Emergency Medicine,Personal Finance,Sports Analytics,Entrepreneurship
2026-08-01T08:19:00Z,Mateo Baker,12,student020@student.example.test,Film Scoring,Marine Biology,Digital Photography,Graphic Design,Sustainable Engineering,Local Journalism
2026-08-01T08:20:00Z,Olivia Baker,9,student021@student.example.test,Mock Trial,Psychology in Action,Forensic Science,Sports Medicine,Climate Science,Creative Coding
2026-08-01T08:21:00Z,Ethan Baker,10,student022@student.example.test,Entrepreneurship,Robotics Lab,Intro to Architecture,Emergency Medicine,Personal Finance,Sports Analytics
2026-08-01T08:22:00Z,Isabella Baker,11,student023@student.example.test,Local Journalism,Film Scoring,Marine Biology,Digital Photography,Graphic Design,Sustainable Engineering
2026-08-01T08:23:00Z,Noah Baker,12,student024@student.example.test,Creative Coding,Mock Trial,Psychology in Action,Forensic Science,Sports Medicine,Climate Science
2026-08-01T08:24:00Z,Ava Baker,9,student025@student.example.test,Sports Analytics,Entrepreneurship,Robotics Lab,Intro to Architecture,Emergency Medicine,Personal Finance
2026-08-01T08:25:00Z,Lucas Baker,10,student026@student.example.test,Sustainable Engineering,Local Journalism,Film Scoring,Marine Biology,Digital Photography,Graphic Design
2026-08-01T08:26:00Z,Amelia Baker,11,student027@student.example.test,Climate Science,Creative Coding,Mock Trial,Psychology in Action,Forensic Science,Sports Medicine
2026-08-01T08:27:00Z,James Baker,12,student028@student.example.test,Personal Finance,Sports Analytics,Entrepreneurship,Robotics Lab,Intro to Architecture,Emergency Medicine
2026-08-01T08:28:00Z,Harper Baker,9,student029@student.example.test,Graphic Design,Sustainable Engineering,Local Journalism,Film Scoring,Marine Biology,Digital Photography
2026-08-01T08:29:00Z,Elijah Baker,10,student030@student.example.test,Sports Medicine,Climate Science,Creative Coding,Mock Trial,Psychology in Action,Forensic Science
2026-08-01T08:30:00Z,Mia Baker,11,student031@student.example.test,Emergency Medicine,Personal Finance,Sports Analytics,Entrepreneurship,Robotics Lab,Intro to Architecture
2026-08-01T08:31:00Z,Henry Baker,12,student032@student.example.test,Digital Photography,Graphic Design,Sustainable Engineering,Local Journalism,Film Scoring,Marine Biology
2026-08-01T08:32:00Z,Maya Chen,9,student033@student.example.test,Forensic Science,Sports Medicine,Climate Science,Creative Coding,Mock Trial,Psychology in Action
2026-08-01T08:33:00Z,Liam Chen,10,student034@student.example.test,Intro to Architecture,Emergency Medicine,Personal Finance,Sports Analytics,Entrepreneurship,Robotics Lab
2026-08-01T08:34:00Z,Sophia Chen,11,student035@student.example.test,Marine Biology,Digital Photography,Graphic Design,Sustainable Engineering,Local Journalism,Film Scoring
2026-08-01T08:35:00Z,Mateo Chen,12,student036@student.example.test,Psychology in Action,Forensic Science,Sports Medicine,Climate Science,Creative Coding,Mock Trial
2026-08-01T08:36:00Z,Olivia Chen,9,student037@student.example.test,Robotics Lab,Intro to Architecture,Emergency Medicine,Personal Finance,Sports Analytics,Entrepreneurship
2026-08-01T08:37:00Z,Ethan Chen,10,student038@student.example.test,Film Scoring,Marine Biology,Digital Photography,Graphic Design,Sustainable Engineering,Local Journalism
2026-08-01T08:38:00Z,Isabella Chen,11,student039@student.example.test,Mock Trial,Psychology in Action,Forensic Science,Sports Medicine,Climate Science,Creative Coding
2026-08-01T08:39:00Z,Noah Chen,12,student040@student.example.test,Entrepreneurship,Robotics Lab,Intro to Architecture,Emergency Medicine,Personal Finance,Sports Analytics
2026-08-01T08:40:00Z,Ava Chen,9,student041@student.example.test,Local Journalism,Film Scoring,Marine Biology,Digital Photography,Graphic Design,Sustainable Engineering
2026-08-01T08:41:00Z,Lucas Chen,10,student042@student.example.test,Creative Coding,Mock Trial,Psychology in Action,Forensic Science,Sports Medicine,Climate Science
2026-08-01T08:42:00Z,Amelia Chen,11,student043@student.example.test,Sports Analytics,Entrepreneurship,Robotics Lab,Intro to Architecture,Emergency Medicine,Personal Finance
2026-08-01T08:43:00Z,James Chen,12,student044@student.example.test,Sustainable Engineering,Local Journalism,Film Scoring,Marine Biology,Digital Photography,Graphic Design
2026-08-01T08:44:00Z,Harper Chen,9,student045@student.example.test,Climate Science,Creative Coding,Mock Trial,Psychology in Action,Forensic Science,Sports Medicine
2026-08-01T08:45:00Z,Elijah Chen,10,student046@student.example.test,Personal Finance,Sports Analytics,Entrepreneurship,Robotics Lab,Intro to Architecture,Emergency Medicine
2026-08-01T08:46:00Z,Mia Chen,11,student047@student.example.test,Graphic Design,Sustainable Engineering,Local Journalism,Film Scoring,Marine Biology,Digital Photography
2026-08-01T08:47:00Z,Henry Chen,12,student048@student.example.test,Sports Medicine,Climate Science,Creative Coding,Mock Trial,Psychology in Action,Forensic Science
2026-08-01T08:48:00Z,Maya Diaz,9,student049@student.example.test,Emergency Medicine,Personal Finance,Sports Analytics,Entrepreneurship,Robotics Lab,Intro to Architecture
2026-08-01T08:49:00Z,Liam Diaz,10,student050@student.example.test,Digital Photography,Graphic Design,Sustainable Engineering,Local Journalism,Film Scoring,Marine Biology
2026-08-01T08:50:00Z,Sophia Diaz,11,student051@student.example.test,Forensic Science,Sports Medicine,Climate Science,Creative Coding,Mock Trial,Psychology in Action
2026-08-01T08:51:00Z,Mateo Diaz,12,student052@student.example.test,Intro to Architecture,Emergency Medicine,Personal Finance,Sports Analytics,Entrepreneurship,Robotics Lab
2026-08-01T08:52:00Z,Olivia Diaz,9,student053@student.example.test,Marine Biology,Digital Photography,Graphic Design,Sustainable Engineering,Local Journalism,Film Scoring
2026-08-01T08:53:00Z,Ethan Diaz,10,student054@student.example.test,Psychology in Action,Forensic Science,Sports Medicine,Climate Science,Creative Coding,Mock Trial
2026-08-01T08:54:00Z,Isabella Diaz,11,student055@student.example.test,Robotics Lab,Intro to Architecture,Emergency Medicine,Personal Finance,Sports Analytics,Entrepreneurship
2026-08-01T08:55:00Z,Noah Diaz,12,student056@student.example.test,Film Scoring,Marine Biology,Digital Photography,Graphic Design,Sustainable Engineering,Local Journalism
2026-08-01T08:56:00Z,Ava Diaz,9,student057@student.example.test,Mock Trial,Psychology in Action,Forensic Science,Sports Medicine,Climate Science,Creative Coding
2026-08-01T08:57:00Z,Lucas Diaz,10,student058@student.example.test,Entrepreneurship,Robotics Lab,Intro to Architecture,Emergency Medicine,Personal Finance,Sports Analytics
2026-08-01T08:58:00Z,Amelia Diaz,11,student059@student.example.test,Local Journalism,Film Scoring,Marine Biology,Digital Photography,Graphic Design,Sustainable Engineering
2026-08-01T08:59:00Z,James Diaz,12,student060@student.example.test,Creative Coding,Mock Trial,Psychology in Action,Forensic Science,Sports Medicine,Climate Science
2026-08-01T09:00:00Z,Harper Diaz,9,student061@student.example.test,Sports Analytics,Entrepreneurship,Robotics Lab,Intro to Architecture,Emergency Medicine,Personal Finance
2026-08-01T09:01:00Z,Elijah Diaz,10,student062@student.example.test,Sustainable Engineering,Local Journalism,Film Scoring,Marine Biology,Digital Photography,Graphic Design
2026-08-01T09:02:00Z,Mia Diaz,11,student063@student.example.test,Climate Science,Creative Coding,Mock Trial,Psychology in Action,Forensic Science,Sports Medicine
2026-08-01T09:03:00Z,Henry Diaz,12,student064@student.example.test,Personal Finance,Sports Analytics,Entrepreneurship,Robotics Lab,Intro to Architecture,Emergency Medicine
2026-08-01T09:04:00Z,Maya Evans,9,student065@student.example.test,Graphic Design,Sustainable Engineering,Local Journalism,Film Scoring,Marine Biology,Digital Photography
2026-08-01T09:05:00Z,Liam Evans,10,student066@student.example.test,Sports Medicine,Climate Science,Creative Coding,Mock Trial,Psychology in Action,Forensic Science
2026-08-01T09:06:00Z,Sophia Evans,11,student067@student.example.test,Emergency Medicine,Personal Finance,Sports Analytics,Entrepreneurship,Robotics Lab,Intro to Architecture
2026-08-01T09:07:00Z,Mateo Evans,12,student068@student.example.test,Digital Photography,Graphic Design,Sustainable Engineering,Local Journalism,Film Scoring,Marine Biology
2026-08-01T09:08:00Z,Olivia Evans,9,student069@student.example.test,Forensic Science,Sports Medicine,Climate Science,Creative Coding,Mock Trial,Psychology in Action
2026-08-01T09:09:00Z,Ethan Evans,10,student070@student.example.test,Intro to Architecture,Emergency Medicine,Personal Finance,Sports Analytics,Entrepreneurship,Robotics Lab
2026-08-01T09:10:00Z,Isabella Evans,11,student071@student.example.test,Marine Biology,Digital Photography,Graphic Design,Sustainable Engineering,Local Journalism,Film Scoring
2026-08-01T09:11:00Z,Noah Evans,12,student072@student.example.test,Psychology in Action,Forensic Science,Sports Medicine,Climate Science,Creative Coding,Mock Trial
2026-08-01T09:12:00Z,Ava Evans,9,student073@student.example.test,Robotics Lab,Intro to Architecture,Emergency Medicine,Personal Finance,Sports Analytics,Entrepreneurship
2026-08-01T09:13:00Z,Lucas Evans,10,student074@student.example.test,Film Scoring,Marine Biology,Digital Photography,Graphic Design,Sustainable Engineering,Local Journalism
2026-08-01T09:14:00Z,Amelia Evans,11,student075@student.example.test,Mock Trial,Psychology in Action,Forensic Science,Sports Medicine,Climate Science,Creative Coding
2026-08-01T09:15:00Z,James Evans,12,student076@student.example.test,Entrepreneurship,Robotics Lab,Intro to Architecture,Emergency Medicine,Personal Finance,Sports Analytics
2026-08-01T09:16:00Z,Harper Evans,9,student077@student.example.test,Local Journalism,Film Scoring,Marine Biology,Digital Photography,Graphic Design,Sustainable Engineering
2026-08-01T09:17:00Z,Elijah Evans,10,student078@student.example.test,Creative Coding,Mock Trial,Psychology in Action,Forensic Science,Sports Medicine,Climate Science
2026-08-01T09:18:00Z,Mia Evans,11,student079@student.example.test,Sports Analytics,Entrepreneurship,Robotics Lab,Intro to Architecture,Emergency Medicine,Personal Finance
2026-08-01T09:19:00Z,Henry Evans,12,student080@student.example.test,Sustainable Engineering,Local Journalism,Film Scoring,Marine Biology,Digital Photography,Graphic Design
2026-08-01T09:20:00Z,Maya Foster,9,student081@student.example.test,Climate Science,Creative Coding,Mock Trial,Psychology in Action,Forensic Science,Sports Medicine
2026-08-01T09:21:00Z,Liam Foster,10,student082@student.example.test,Personal Finance,Sports Analytics,Entrepreneurship,Robotics Lab,Intro to Architecture,Emergency Medicine
2026-08-01T09:22:00Z,Sophia Foster,11,student083@student.example.test,Graphic Design,Sustainable Engineering,Local Journalism,Film Scoring,Marine Biology,Digital Photography
2026-08-01T09:23:00Z,Mateo Foster,12,student084@student.example.test,Sports Medicine,Climate Science,Creative Coding,Mock Trial,Psychology in Action,Forensic Science
2026-08-01T09:24:00Z,Olivia Foster,9,student085@student.example.test,Emergency Medicine,Personal Finance,Sports Analytics,Entrepreneurship,Robotics Lab,Intro to Architecture
2026-08-01T09:25:00Z,Ethan Foster,10,student086@student.example.test,Digital Photography,Graphic Design,Sustainable Engineering,Local Journalism,Film Scoring,Marine Biology
2026-08-01T09:26:00Z,Isabella Foster,11,student087@student.example.test,Forensic Science,Sports Medicine,Climate Science,Creative Coding,Mock Trial,Psychology in Action
2026-08-01T09:27:00Z,Noah Foster,12,student088@student.example.test,Intro to Architecture,Emergency Medicine,Personal Finance,Sports Analytics,Entrepreneurship,Robotics Lab
2026-08-01T09:28:00Z,Ava Foster,9,student089@student.example.test,Marine Biology,Digital Photography,Graphic Design,Sustainable Engineering,Local Journalism,Film Scoring
2026-08-01T09:29:00Z,Lucas Foster,10,student090@student.example.test,Psychology in Action,Forensic Science,Sports Medicine,Climate Science,Creative Coding,Mock Trial
2026-08-01T09:30:00Z,Amelia Foster,11,student091@student.example.test,Robotics Lab,Intro to Architecture,Emergency Medicine,Personal Finance,Sports Analytics,Entrepreneurship
2026-08-01T09:31:00Z,James Foster,12,student092@student.example.test,Film Scoring,Marine Biology,Digital Photography,Graphic Design,Sustainable Engineering,Local Journalism
2026-08-01T09:32:00Z,Harper Foster,9,student093@student.example.test,Mock Trial,Psychology in Action,Forensic Science,Sports Medicine,Climate Science,Creative Coding
2026-08-01T09:33:00Z,Elijah Foster,10,student094@student.example.test,Entrepreneurship,Robotics Lab,Intro to Architecture,Emergency Medicine,Personal Finance,Sports Analytics
2026-08-01T09:34:00Z,Mia Foster,11,student095@student.example.test,Local Journalism,Film Scoring,Marine Biology,Digital Photography,Graphic Design,Sustainable Engineering
2026-08-01T09:35:00Z,Henry Foster,12,student096@student.example.test,Creative Coding,Mock Trial,Psychology in Action,Forensic Science,Sports Medicine,Climate Science
2026-08-01T09:36:00Z,Maya Garcia,9,student097@student.example.test,Sports Analytics,Entrepreneurship,Robotics Lab,Intro to Architecture,Emergency Medicine,Personal Finance
2026-08-01T09:37:00Z,Liam Garcia,10,student098@student.example.test,Sustainable Engineering,Local Journalism,Film Scoring,Marine Biology,Digital Photography,Graphic Design
2026-08-01T09:38:00Z,Sophia Garcia,11,student099@student.example.test,Climate Science,Creative Coding,Mock Trial,Psychology in Action,Forensic Science,Sports Medicine
2026-08-01T09:39:00Z,Mateo Garcia,12,student100@student.example.test,Personal Finance,Sports Analytics,Entrepreneurship,Robotics Lab,Intro to Architecture,Emergency Medicine
2026-08-01T09:40:00Z,Olivia Garcia,9,student101@student.example.test,Graphic Design,Sustainable Engineering,Local Journalism,Film Scoring,Marine Biology,Digital Photography
2026-08-01T09:41:00Z,Ethan Garcia,10,student102@student.example.test,Sports Medicine,Climate Science,Creative Coding,Mock Trial,Psychology in Action,Forensic Science
2026-08-01T09:42:00Z,Isabella Garcia,11,student103@student.example.test,Emergency Medicine,Personal Finance,Sports Analytics,Entrepreneurship,Robotics Lab,Intro to Architecture
2026-08-01T09:43:00Z,Noah Garcia,12,student104@student.example.test,Digital Photography,Graphic Design,Sustainable Engineering,Local Journalism,Film Scoring,Marine Biology
2026-08-01T09:44:00Z,Ava Garcia,9,student105@student.example.test,Forensic Science,Sports Medicine,Climate Science,Creative Coding,Mock Trial,Psychology in Action
2026-08-01T09:45:00Z,Lucas Garcia,10,student106@student.example.test,Intro to Architecture,Emergency Medicine,Personal Finance,Sports Analytics,Entrepreneurship,Robotics Lab
2026-08-01T09:46:00Z,Amelia Garcia,11,student107@student.example.test,Marine Biology,Digital Photography,Graphic Design,Sustainable Engineering,Local Journalism,Film Scoring
2026-08-01T09:47:00Z,James Garcia,12,student108@student.example.test,Psychology in Action,Forensic Science,Sports Medicine,Climate Science,Creative Coding,Mock Trial
2026-08-01T09:48:00Z,Harper Garcia,9,student109@student.example.test,Robotics Lab,Intro to Architecture,Emergency Medicine,Personal Finance,Sports Analytics,Entrepreneurship
2026-08-01T09:49:00Z,Elijah Garcia,10,student110@student.example.test,Film Scoring,Marine Biology,Digital Photography,Graphic Design,Sustainable Engineering,Local Journalism
2026-08-01T09:50:00Z,Mia Garcia,11,student111@student.example.test,Mock Trial,Psychology in Action,Forensic Science,Sports Medicine,Climate Science,Creative Coding
2026-08-01T09:51:00Z,Henry Garcia,12,student112@student.example.test,Entrepreneurship,Robotics Lab,Intro to Architecture,Emergency Medicine,Personal Finance,Sports Analytics
2026-08-01T09:52:00Z,Maya Harris,9,student113@student.example.test,Local Journalism,Film Scoring,Marine Biology,Digital Photography,Graphic Design,Sustainable Engineering
2026-08-01T09:53:00Z,Liam Harris,10,student114@student.example.test,Creative Coding,Mock Trial,Psychology in Action,Forensic Science,Sports Medicine,Climate Science
2026-08-01T09:54:00Z,Sophia Harris,11,student115@student.example.test,Sports Analytics,Entrepreneurship,Robotics Lab,Intro to Architecture,Emergency Medicine,Personal Finance
2026-08-01T09:55:00Z,Mateo Harris,12,student116@student.example.test,Sustainable Engineering,Local Journalism,Film Scoring,Marine Biology,Digital Photography,Graphic Design
2026-08-01T09:56:00Z,Olivia Harris,9,student117@student.example.test,Climate Science,Creative Coding,Mock Trial,Psychology in Action,Forensic Science,Sports Medicine
2026-08-01T09:57:00Z,Ethan Harris,10,student118@student.example.test,Personal Finance,Sports Analytics,Entrepreneurship,Robotics Lab,Intro to Architecture,Emergency Medicine
2026-08-01T09:58:00Z,Isabella Harris,11,student119@student.example.test,Graphic Design,Sustainable Engineering,Local Journalism,Film Scoring,Marine Biology,Digital Photography
2026-08-01T09:59:00Z,Noah Harris,12,student120@student.example.test,Sports Medicine,Climate Science,Creative Coding,Mock Trial,Psychology in Action,Forensic Science
2026-08-01T10:00:00Z,Ava Harris,9,student121@student.example.test,Emergency Medicine,Personal Finance,Sports Analytics,Entrepreneurship,Robotics Lab,Intro to Architecture
2026-08-01T10:01:00Z,Lucas Harris,10,student122@student.example.test,Digital Photography,Graphic Design,Sustainable Engineering,Local Journalism,Film Scoring,Marine Biology
2026-08-01T10:02:00Z,Amelia Harris,11,student123@student.example.test,Forensic Science,Sports Medicine,Climate Science,Creative Coding,Mock Trial,Psychology in Action
2026-08-01T10:03:00Z,James Harris,12,student124@student.example.test,Intro to Architecture,Emergency Medicine,Personal Finance,Sports Analytics,Entrepreneurship,Robotics Lab
2026-08-01T10:04:00Z,Harper Harris,9,student125@student.example.test,Marine Biology,Digital Photography,Graphic Design,Sustainable Engineering,Local Journalism,Film Scoring
2026-08-01T10:05:00Z,Elijah Harris,10,student126@student.example.test,Psychology in Action,Forensic Science,Sports Medicine,Climate Science,Creative Coding,Mock Trial
2026-08-01T10:06:00Z,Mia Harris,11,student127@student.example.test,Robotics Lab,Intro to Architecture,Emergency Medicine,Personal Finance,Sports Analytics,Entrepreneurship
2026-08-01T10:07:00Z,Henry Harris,12,student128@student.example.test,Film Scoring,Marine Biology,Digital Photography,Graphic Design,Sustainable Engineering,Local Journalism
2026-08-01T10:08:00Z,Maya Ibrahim,9,student129@student.example.test,Mock Trial,Psychology in Action,Forensic Science,Sports Medicine,Climate Science,Creative Coding
2026-08-01T10:09:00Z,Liam Ibrahim,10,student130@student.example.test,Entrepreneurship,Robotics Lab,Intro to Architecture,Emergency Medicine,Personal Finance,Sports Analytics
2026-08-01T10:10:00Z,Sophia Ibrahim,11,student131@student.example.test,Local Journalism,Film Scoring,Marine Biology,Digital Photography,Graphic Design,Sustainable Engineering
2026-08-01T10:11:00Z,Mateo Ibrahim,12,student132@student.example.test,Creative Coding,Mock Trial,Psychology in Action,Forensic Science,Sports Medicine,Climate Science
2026-08-01T10:12:00Z,Olivia Ibrahim,9,student133@student.example.test,Sports Analytics,Entrepreneurship,Robotics Lab,Intro to Architecture,Emergency Medicine,Personal Finance
2026-08-01T10:13:00Z,Ethan Ibrahim,10,student134@student.example.test,Sustainable Engineering,Local Journalism,Film Scoring,Marine Biology,Digital Photography,Graphic Design
2026-08-01T10:14:00Z,Isabella Ibrahim,11,student135@student.example.test,Climate Science,Creative Coding,Mock Trial,Psychology in Action,Forensic Science,Sports Medicine
2026-08-01T10:15:00Z,Noah Ibrahim,12,student136@student.example.test,Personal Finance,Sports Analytics,Entrepreneurship,Robotics Lab,Intro to Architecture,Emergency Medicine
2026-08-01T10:16:00Z,Ava Ibrahim,9,student137@student.example.test,Graphic Design,Sustainable Engineering,Local Journalism,Film Scoring,Marine Biology,Digital Photography
2026-08-01T10:17:00Z,Lucas Ibrahim,10,student138@student.example.test,Sports Medicine,Climate Science,Creative Coding,Mock Trial,Psychology in Action,Forensic Science
2026-08-01T10:18:00Z,Amelia Ibrahim,11,student139@student.example.test,Emergency Medicine,Personal Finance,Sports Analytics,Entrepreneurship,Robotics Lab,Intro to Architecture
2026-08-01T10:19:00Z,James Ibrahim,12,student140@student.example.test,Digital Photography,Graphic Design,Sustainable Engineering,Local Journalism,Film Scoring,Marine Biology
2026-08-01T10:20:00Z,Harper Ibrahim,9,student141@student.example.test,Forensic Science,Sports Medicine,Climate Science,Creative Coding,Mock Trial,Psychology in Action
2026-08-01T10:21:00Z,Elijah Ibrahim,10,student142@student.example.test,Intro to Architecture,Emergency Medicine,Personal Finance,Sports Analytics,Entrepreneurship,Robotics Lab
2026-08-01T10:22:00Z,Mia Ibrahim,11,student143@student.example.test,Marine Biology,Digital Photography,Graphic Design,Sustainable Engineering,Local Journalism,Film Scoring
2026-08-01T10:23:00Z,Henry Ibrahim,12,student144@student.example.test,Psychology in Action,Forensic Science,Sports Medicine,Climate Science,Creative Coding,Mock Trial
2026-08-01T10:24:00Z,Maya Johnson,9,student145@student.example.test,Robotics Lab,Intro to Architecture,Emergency Medicine,Personal Finance,Sports Analytics,Entrepreneurship
2026-08-01T10:25:00Z,Liam Johnson,10,student146@student.example.test,Film Scoring,Marine Biology,Digital Photography,Graphic Design,Sustainable Engineering,Local Journalism
2026-08-01T10:26:00Z,Sophia Johnson,11,student147@student.example.test,Mock Trial,Psychology in Action,Forensic Science,Sports Medicine,Climate Science,Creative Coding
2026-08-01T10:27:00Z,Mateo Johnson,12,student148@student.example.test,Entrepreneurship,Robotics Lab,Intro to Architecture,Emergency Medicine,Personal Finance,Sports Analytics
2026-08-01T10:28:00Z,Olivia Johnson,9,student149@student.example.test,Local Journalism,Film Scoring,Marine Biology,Digital Photography,Graphic Design,Sustainable Engineering
2026-08-01T10:29:00Z,Ethan Johnson,10,student150@student.example.test,Creative Coding,Mock Trial,Psychology in Action,Forensic Science,Sports Medicine,Climate Science
2026-08-01T10:30:00Z,Isabella Johnson,11,student151@student.example.test,Sports Analytics,Entrepreneurship,Robotics Lab,Intro to Architecture,Emergency Medicine,Personal Finance
2026-08-01T10:31:00Z,Noah Johnson,12,student152@student.example.test,Sustainable Engineering,Local Journalism,Film Scoring,Marine Biology,Digital Photography,Graphic Design
2026-08-01T10:32:00Z,Ava Johnson,9,student153@student.example.test,Climate Science,Creative Coding,Mock Trial,Psychology in Action,Forensic Science,Sports Medicine
2026-08-01T10:33:00Z,Lucas Johnson,10,student154@student.example.test,Personal Finance,Sports Analytics,Entrepreneurship,Robotics Lab,Intro to Architecture,Emergency Medicine
2026-08-01T10:34:00Z,Amelia Johnson,11,student155@student.example.test,Graphic Design,Sustainable Engineering,Local Journalism,Film Scoring,Marine Biology,Digital Photography
2026-08-01T10:35:00Z,James Johnson,12,student156@student.example.test,Sports Medicine,Climate Science,Creative Coding,Mock Trial,Psychology in Action,Forensic Science
2026-08-01T10:36:00Z,Harper Johnson,9,student157@student.example.test,Emergency Medicine,Personal Finance,Sports Analytics,Entrepreneurship,Robotics Lab,Intro to Architecture
2026-08-01T10:37:00Z,Elijah Johnson,10,student158@student.example.test,Digital Photography,Graphic Design,Sustainable Engineering,Local Journalism,Film Scoring,Marine Biology
2026-08-01T10:38:00Z,Mia Johnson,11,student159@student.example.test,Forensic Science,Sports Medicine,Climate Science,Creative Coding,Mock Trial,Psychology in Action
2026-08-01T10:39:00Z,Henry Johnson,12,student160@student.example.test,Intro to Architecture,Emergency Medicine,Personal Finance,Sports Analytics,Entrepreneurship,Robotics Lab
2026-08-01T10:40:00Z,Maya Kowalski,9,student161@student.example.test,Marine Biology,Digital Photography,Graphic Design,Sustainable Engineering,Local Journalism,Film Scoring
2026-08-01T10:41:00Z,Liam Kowalski,10,student162@student.example.test,Psychology in Action,Forensic Science,Sports Medicine,Climate Science,Creative Coding,Mock Trial
2026-08-01T10:42:00Z,Sophia Kowalski,11,student163@student.example.test,Robotics Lab,Intro to Architecture,Emergency Medicine,Personal Finance,Sports Analytics,Entrepreneurship
2026-08-01T10:43:00Z,Mateo Kowalski,12,student164@student.example.test,Film Scoring,Marine Biology,Digital Photography,Graphic Design,Sustainable Engineering,Local Journalism
2026-08-01T10:44:00Z,Olivia Kowalski,9,student165@student.example.test,Mock Trial,Psychology in Action,Forensic Science,Sports Medicine,Climate Science,Creative Coding
2026-08-01T10:45:00Z,Ethan Kowalski,10,student166@student.example.test,Entrepreneurship,Robotics Lab,Intro to Architecture,Emergency Medicine,Personal Finance,Sports Analytics
2026-08-01T10:46:00Z,Isabella Kowalski,11,student167@student.example.test,Local Journalism,Film Scoring,Marine Biology,Digital Photography,Graphic Design,Sustainable Engineering
2026-08-01T10:47:00Z,Noah Kowalski,12,student168@student.example.test,Creative Coding,Mock Trial,Psychology in Action,Forensic Science,Sports Medicine,Climate Science
2026-08-01T10:48:00Z,Ava Kowalski,9,student169@student.example.test,Sports Analytics,Entrepreneurship,Robotics Lab,Intro to Architecture,Emergency Medicine,Personal Finance
2026-08-01T10:49:00Z,Lucas Kowalski,10,student170@student.example.test,Sustainable Engineering,Local Journalism,Film Scoring,Marine Biology,Digital Photography,Graphic Design
2026-08-01T10:50:00Z,Amelia Kowalski,11,student171@student.example.test,Climate Science,Creative Coding,Mock Trial,Psychology in Action,Forensic Science,Sports Medicine
2026-08-01T10:51:00Z,James Kowalski,12,student172@student.example.test,Personal Finance,Sports Analytics,Entrepreneurship,Robotics Lab,Intro to Architecture,Emergency Medicine
2026-08-01T10:52:00Z,Harper Kowalski,9,student173@student.example.test,Graphic Design,Sustainable Engineering,Local Journalism,Film Scoring,Marine Biology,Digital Photography
2026-08-01T10:53:00Z,Elijah Kowalski,10,student174@student.example.test,Sports Medicine,Climate Science,Creative Coding,Mock Trial,Psychology in Action,Forensic Science
2026-08-01T10:54:00Z,Mia Kowalski,11,student175@student.example.test,Emergency Medicine,Personal Finance,Sports Analytics,Entrepreneurship,Robotics Lab,Intro to Architecture
2026-08-01T10:55:00Z,Henry Kowalski,12,student176@student.example.test,Digital Photography,Graphic Design,Sustainable Engineering,Local Journalism,Film Scoring,Marine Biology
2026-08-01T10:56:00Z,Maya Lee,9,student177@student.example.test,Forensic Science,Sports Medicine,Climate Science,Creative Coding,Mock Trial,Psychology in Action
2026-08-01T10:57:00Z,Liam Lee,10,student178@student.example.test,Intro to Architecture,Emergency Medicine,Personal Finance,Sports Analytics,Entrepreneurship,Robotics Lab
2026-08-01T10:58:00Z,Sophia Lee,11,student179@student.example.test,Marine Biology,Digital Photography,Graphic Design,Sustainable Engineering,Local Journalism,Film Scoring
2026-08-01T10:59:00Z,Mateo Lee,12,student180@student.example.test,Psychology in Action,Forensic Science,Sports Medicine,Climate Science,Creative Coding,Mock Trial
2026-08-01T11:00:00Z,Olivia Lee,9,student181@student.example.test,Robotics Lab,Intro to Architecture,Emergency Medicine,Personal Finance,Sports Analytics,Entrepreneurship
2026-08-01T11:01:00Z,Ethan Lee,10,student182@student.example.test,Film Scoring,Marine Biology,Digital Photography,Graphic Design,Sustainable Engineering,Local Journalism
2026-08-01T11:02:00Z,Isabella Lee,11,student183@student.example.test,Mock Trial,Psychology in Action,Forensic Science,Sports Medicine,Climate Science,Creative Coding
2026-08-01T11:03:00Z,Noah Lee,12,student184@student.example.test,Entrepreneurship,Robotics Lab,Intro to Architecture,Emergency Medicine,Personal Finance,Sports Analytics
2026-08-01T11:04:00Z,Ava Lee,9,student185@student.example.test,Local Journalism,Film Scoring,Marine Biology,Digital Photography,Graphic Design,Sustainable Engineering
2026-08-01T11:05:00Z,Lucas Lee,10,student186@student.example.test,Creative Coding,Mock Trial,Psychology in Action,Forensic Science,Sports Medicine,Climate Science
2026-08-01T11:06:00Z,Amelia Lee,11,student187@student.example.test,Sports Analytics,Entrepreneurship,Robotics Lab,Intro to Architecture,Emergency Medicine,Personal Finance
2026-08-01T11:07:00Z,James Lee,12,student188@student.example.test,Sustainable Engineering,Local Journalism,Film Scoring,Marine Biology,Digital Photography,Graphic Design
2026-08-01T11:08:00Z,Harper Lee,9,student189@student.example.test,Climate Science,Creative Coding,Mock Trial,Psychology in Action,Forensic Science,Sports Medicine
2026-08-01T11:09:00Z,Elijah Lee,10,student190@student.example.test,Personal Finance,Sports Analytics,Entrepreneurship,Robotics Lab,Intro to Architecture,Emergency Medicine
2026-08-01T11:10:00Z,Mia Lee,11,student191@student.example.test,Graphic Design,Sustainable Engineering,Local Journalism,Film Scoring,Marine Biology,Digital Photography
2026-08-01T11:11:00Z,Henry Lee,12,student192@student.example.test,Sports Medicine,Climate Science,Creative Coding,Mock Trial,Psychology in Action,Forensic Science
2026-08-01T11:12:00Z,Maya Miller,9,student193@student.example.test,Emergency Medicine,Personal Finance,Sports Analytics,Entrepreneurship,Robotics Lab,Intro to Architecture
2026-08-01T11:13:00Z,Liam Miller,10,student194@student.example.test,Digital Photography,Graphic Design,Sustainable Engineering,Local Journalism,Film Scoring,Marine Biology
2026-08-01T11:14:00Z,Sophia Miller,11,student195@student.example.test,Forensic Science,Sports Medicine,Climate Science,Creative Coding,Mock Trial,Psychology in Action
2026-08-01T11:15:00Z,Mateo Miller,12,student196@student.example.test,Intro to Architecture,Emergency Medicine,Personal Finance,Sports Analytics,Entrepreneurship,Robotics Lab
2026-08-01T11:16:00Z,Olivia Miller,9,student197@student.example.test,Marine Biology,Digital Photography,Graphic Design,Sustainable Engineering,Local Journalism,Film Scoring
2026-08-01T11:17:00Z,Ethan Miller,10,student198@student.example.test,Psychology in Action,Forensic Science,Sports Medicine,Climate Science,Creative Coding,Mock Trial
2026-08-01T11:18:00Z,Isabella Miller,11,student199@student.example.test,Robotics Lab,Intro to Architecture,Emergency Medicine,Personal Finance,Sports Analytics,Entrepreneurship
2026-08-01T11:19:00Z,Noah Miller,12,student200@student.example.test,Film Scoring,Marine Biology,Digital Photography,Graphic Design,Sustainable Engineering,Local Journalism
2026-08-01T11:20:00Z,Ava Miller,9,student201@student.example.test,Mock Trial,Psychology in Action,Forensic Science,Sports Medicine,Climate Science,Creative Coding
2026-08-01T11:21:00Z,Lucas Miller,10,student202@student.example.test,Entrepreneurship,Robotics Lab,Intro to Architecture,Emergency Medicine,Personal Finance,Sports Analytics
2026-08-01T11:22:00Z,Amelia Miller,11,student203@student.example.test,Local Journalism,Film Scoring,Marine Biology,Digital Photography,Graphic Design,Sustainable Engineering
2026-08-01T11:23:00Z,James Miller,12,student204@student.example.test,Creative Coding,Mock Trial,Psychology in Action,Forensic Science,Sports Medicine,Climate Science
2026-08-01T11:24:00Z,Harper Miller,9,student205@student.example.test,Sports Analytics,Entrepreneurship,Robotics Lab,Intro to Architecture,Emergency Medicine,Personal Finance
2026-08-01T11:25:00Z,Elijah Miller,10,student206@student.example.test,Sustainable Engineering,Local Journalism,Film Scoring,Marine Biology,Digital Photography,Graphic Design
2026-08-01T11:26:00Z,Mia Miller,11,student207@student.example.test,Climate Science,Creative Coding,Mock Trial,Psychology in Action,Forensic Science,Sports Medicine
2026-08-01T11:27:00Z,Henry Miller,12,student208@student.example.test,Personal Finance,Sports Analytics,Entrepreneurship,Robotics Lab,Intro to Architecture,Emergency Medicine
2026-08-01T11:28:00Z,Maya Nguyen,9,student209@student.example.test,Graphic Design,Sustainable Engineering,Local Journalism,Film Scoring,Marine Biology,Digital Photography
2026-08-01T11:29:00Z,Liam Nguyen,10,student210@student.example.test,Sports Medicine,Climate Science,Creative Coding,Mock Trial,Psychology in Action,Forensic Science
2026-08-01T11:30:00Z,Sophia Nguyen,11,student211@student.example.test,Emergency Medicine,Personal Finance,Sports Analytics,Entrepreneurship,Robotics Lab,Intro to Architecture
2026-08-01T11:31:00Z,Mateo Nguyen,12,student212@student.example.test,Digital Photography,Graphic Design,Sustainable Engineering,Local Journalism,Film Scoring,Marine Biology
2026-08-01T11:32:00Z,Olivia Nguyen,9,student213@student.example.test,Forensic Science,Sports Medicine,Climate Science,Creative Coding,Mock Trial,Psychology in Action
2026-08-01T11:33:00Z,Ethan Nguyen,10,student214@student.example.test,Intro to Architecture,Emergency Medicine,Personal Finance,Sports Analytics,Entrepreneurship,Robotics Lab
2026-08-01T11:34:00Z,Isabella Nguyen,11,student215@student.example.test,Marine Biology,Digital Photography,Graphic Design,Sustainable Engineering,Local Journalism,Film Scoring
2026-08-01T11:35:00Z,Noah Nguyen,12,student216@student.example.test,Psychology in Action,Forensic Science,Sports Medicine,Climate Science,Creative Coding,Mock Trial
2026-08-01T11:36:00Z,Ava Nguyen,9,student217@student.example.test,Robotics Lab,Intro to Architecture,Emergency Medicine,Personal Finance,Sports Analytics,Entrepreneurship
2026-08-01T11:37:00Z,Lucas Nguyen,10,student218@student.example.test,Film Scoring,Marine Biology,Digital Photography,Graphic Design,Sustainable Engineering,Local Journalism
2026-08-01T11:38:00Z,Amelia Nguyen,11,student219@student.example.test,Mock Trial,Psychology in Action,Forensic Science,Sports Medicine,Climate Science,Creative Coding
2026-08-01T11:39:00Z,James Nguyen,12,student220@student.example.test,Entrepreneurship,Robotics Lab,Intro to Architecture,Emergency Medicine,Personal Finance,Sports Analytics
2026-08-01T11:40:00Z,Harper Nguyen,9,student221@student.example.test,Local Journalism,Film Scoring,Marine Biology,Digital Photography,Graphic Design,Sustainable Engineering
2026-08-01T11:41:00Z,Elijah Nguyen,10,student222@student.example.test,Creative Coding,Mock Trial,Psychology in Action,Forensic Science,Sports Medicine,Climate Science
2026-08-01T11:42:00Z,Mia Nguyen,11,student223@student.example.test,Sports Analytics,Entrepreneurship,Robotics Lab,Intro to Architecture,Emergency Medicine,Personal Finance
2026-08-01T11:43:00Z,Henry Nguyen,12,student224@student.example.test,Sustainable Engineering,Local Journalism,Film Scoring,Marine Biology,Digital Photography,Graphic Design
2026-08-01T11:44:00Z,Maya Owens,9,student225@student.example.test,Climate Science,Creative Coding,Mock Trial,Psychology in Action,Forensic Science,Sports Medicine
2026-08-01T11:45:00Z,Liam Owens,10,student226@student.example.test,Personal Finance,Sports Analytics,Entrepreneurship,Robotics Lab,Intro to Architecture,Emergency Medicine
2026-08-01T11:46:00Z,Sophia Owens,11,student227@student.example.test,Graphic Design,Sustainable Engineering,Local Journalism,Film Scoring,Marine Biology,Digital Photography
2026-08-01T11:47:00Z,Mateo Owens,12,student228@student.example.test,Sports Medicine,Climate Science,Creative Coding,Mock Trial,Psychology in Action,Forensic Science
2026-08-01T11:48:00Z,Olivia Owens,9,student229@student.example.test,Emergency Medicine,Personal Finance,Sports Analytics,Entrepreneurship,Robotics Lab,Intro to Architecture
2026-08-01T11:49:00Z,Ethan Owens,10,student230@student.example.test,Digital Photography,Graphic Design,Sustainable Engineering,Local Journalism,Film Scoring,Marine Biology
2026-08-01T11:50:00Z,Isabella Owens,11,student231@student.example.test,Forensic Science,Sports Medicine,Climate Science,Creative Coding,Mock Trial,Psychology in Action
2026-08-01T11:51:00Z,Noah Owens,12,student232@student.example.test,Intro to Architecture,Emergency Medicine,Personal Finance,Sports Analytics,Entrepreneurship,Robotics Lab
2026-08-01T11:52:00Z,Ava Owens,9,student233@student.example.test,Marine Biology,Digital Photography,Graphic Design,Sustainable Engineering,Local Journalism,Film Scoring
2026-08-01T11:53:00Z,Lucas Owens,10,student234@student.example.test,Psychology in Action,Forensic Science,Sports Medicine,Climate Science,Creative Coding,Mock Trial
2026-08-01T11:54:00Z,Amelia Owens,11,student235@student.example.test,Robotics Lab,Intro to Architecture,Emergency Medicine,Personal Finance,Sports Analytics,Entrepreneurship
2026-08-01T11:55:00Z,James Owens,12,student236@student.example.test,Film Scoring,Marine Biology,Digital Photography,Graphic Design,Sustainable Engineering,Local Journalism
2026-08-01T11:56:00Z,Harper Owens,9,student237@student.example.test,Mock Trial,Psychology in Action,Forensic Science,Sports Medicine,Climate Science,Creative Coding
2026-08-01T11:57:00Z,Elijah Owens,10,student238@student.example.test,Entrepreneurship,Robotics Lab,Intro to Architecture,Emergency Medicine,Personal Finance,Sports Analytics
2026-08-01T11:58:00Z,Mia Owens,11,student239@student.example.test,Local Journalism,Film Scoring,Marine Biology,Digital Photography,Graphic Design,Sustainable Engineering
2026-08-01T11:59:00Z,Henry Owens,12,student240@student.example.test,Creative Coding,Mock Trial,Psychology in Action,Forensic Science,Sports Medicine,Climate Science
2026-08-01T12:00:00Z,Maya Patel,9,student241@student.example.test,Sports Analytics,Entrepreneurship,Robotics Lab,Intro to Architecture,Emergency Medicine,Personal Finance
2026-08-01T12:01:00Z,Liam Patel,10,student242@student.example.test,Sustainable Engineering,Local Journalism,Film Scoring,Marine Biology,Digital Photography,Graphic Design
2026-08-01T12:02:00Z,Sophia Patel,11,student243@student.example.test,Climate Science,Creative Coding,Mock Trial,Psychology in Action,Forensic Science,Sports Medicine
2026-08-01T12:03:00Z,Mateo Patel,12,student244@student.example.test,Personal Finance,Sports Analytics,Entrepreneurship,Robotics Lab,Intro to Architecture,Emergency Medicine
2026-08-01T12:04:00Z,Olivia Patel,9,student245@student.example.test,Graphic Design,Sustainable Engineering,Local Journalism,Film Scoring,Marine Biology,Digital Photography
2026-08-01T12:05:00Z,Ethan Patel,10,student246@student.example.test,Sports Medicine,Climate Science,Creative Coding,Mock Trial,Psychology in Action,Forensic Science
2026-08-01T12:06:00Z,Isabella Patel,11,student247@student.example.test,Emergency Medicine,Personal Finance,Sports Analytics,Entrepreneurship,Robotics Lab,Intro to Architecture
2026-08-01T12:07:00Z,Noah Patel,12,student248@student.example.test,Digital Photography,Graphic Design,Sustainable Engineering,Local Journalism,Film Scoring,Marine Biology
